<?xml version="1.0" encoding="UTF-8"?>  
<!-- 查找最新的schemaLocation 访问 http://www.springframework.org/schema/ -->
<beans xmlns="http://www.springframework.org/schema/beans"
	xmlns:xsi="http://www.w3.org/2001/XMLSchema-instance"
	xmlns:context="http://www.springframework.org/schema/context"
	xsi:schemaLocation="http://www.springframework.org/schema/beans
	http://www.springframework.org/schema/beans/spring-beans.xsd
	http://www.springframework.org/schema/context 
	http://www.springframework.org/schema/context/spring-context.xsd">
    
    <context:component-scan base-package="${packageName}.*" />


	<bean class="com.tennetcn.free.data.extend.config.MapperLocationBean">
		<property name="mapperLocations">
			<list>
				<value>classpath*:mapper/${name}/**/*.xml</value>
			</list>
		</property>
	</bean>
</beans>
